donor,acceptor,occupancy,count
UNK1:O2x,ASP25:OD2,1.0,10
UNK1:O2x,ASP25:CG,0.8,8
UNK1:H2x,PRO81:HB3,0.8,8
ALA28:H,UNK1:O2x,0.7,7
UNK1:C3x,ILE84:HD11,0.6,6
GLY27:CA,UNK1:O2x,0.6,6
GLY27:HA3,UNK1:H5x,0.6,6
UNK1:H2x,PRO81:CB,0.6,6
ILE84:CD1,UNK1:H3x,0.5,5
UNK1:H4x,ILE84:HD11,0.5,5
UNK1:H2x,PRO81:CD,0.5,5
UNK1:H2x,PRO81:CG,0.4,4
UNK1:H1x,PRO81:HB3,0.4,4
ALA28:HA,UNK1:H7x,0.4,4
UNK1:C5x,ASP25:OD2,0.3,3
PRO81:CB,UNK1:H2x,0.3,3
UNK1:C2x,PRO81:HG2,0.3,3
PRO81:CD,UNK1:H2x,0.3,3
UNK1:C2x,PRO81:HD2,0.3,3
UNK1:H2x,PRO81:HD2,0.3,3
GLY49:HA2,UNK1:H2x,0.3,3
UNK1:H5x,ILE84:HD11,0.3,3
UNK1:H4x,ILE84:CD1,0.3,3
UNK1:C3x,ILE84:HD13,0.2,2
UNK1:H3x,ILE84:HD11,0.2,2
VAL82:CG2,UNK1:H2x,0.2,2
UNK1:H4x,ILE84:HD13,0.2,2
PRO81:CG,UNK1:H2x,0.2,2
UNK1:C2x,PRO81:HB3,0.2,2
ALA28:CB,UNK1:H6x,0.2,2
GLY49:CA,UNK1:C1x,0.2,2
ILE50:CG1,UNK1:H4x,0.2,2
UNK1:C5x,ILE50:HG13,0.2,2
UNK1:C5x,GLY27:HA3,0.2,2
UNK1:H1x,PRO81:HG2,0.2,2
ILE50:CD1,UNK1:H3x,0.2,2
UNK1:H4x,ILE50:HD13,0.2,2
GLY49:CA,UNK1:H8x,0.1,1
GLY49:CA,UNK1:C8x,0.1,1
ILE84:CD1,UNK1:H2x,0.1,1
UNK1:C8x,GLY48:O,0.1,1
UNK1:H2x,VAL82:HG23,0.1,1
UNK1:H2x,VAL82:HG21,0.1,1
UNK1:H3x,ILE84:CD1,0.1,1
UNK1:H8x,GLY49:HA2,0.1,1
ALA28:HB2,UNK1:H7x,0.1,1
UNK1:C2x,VAL82:HG23,0.1,1
UNK1:H4x,ILE50:HD12,0.1,1
GLY27:CA,UNK1:H6x,0.1,1
ALA28:HA,UNK1:H8x,0.1,1
ALA28:N,UNK1:H6x,0.1,1
ILE50:CD1,UNK1:H4x,0.1,1
UNK1:C5x,ILE50:HD13,0.1,1
UNK1:H2x,VAL82:N,0.1,1
UNK1:H3x,PRO81:HD2,0.1,1
PRO81:CB,UNK1:H1x,0.1,1
UNK1:C1x,PRO81:HB3,0.1,1
UNK1:H1x,PRO81:CB,0.1,1
UNK1:H2x,VAL82:H,0.1,1
ALA28:HB2,UNK1:O1x,0.1,1
ILE84:CD1,UNK1:H5x,0.1,1
UNK1:O2x,ALA28:HB2,0.1,1
UNK1:H5x,ILE84:CD1,0.1,1
GLY27:CA,UNK1:H5x,0.1,1
ILE84:CD1,UNK1:C3x,0.1,1
ILE84:CD1,UNK1:H4x,0.1,1
UNK1:C3x,ILE84:CD1,0.1,1
UNK1:C5x,ILE84:HD13,0.1,1
GLY49:HA2,UNK1:C2x,0.1,1
UNK1:C3x,ILE50:HD13,0.1,1
